record_type,event_index,event_time,condition,metric,n,successful_run_count,failed_run_count,mean,median,std_sample,q1,q3,min,max,mean_ci95_low,mean_ci95_high,median_bootstrap_ci95_low,median_bootstrap_ci95_high,failed_pairs,missing_warm_metric_pairs,missing_cold_metric_pairs,paired_t_test_p,paired_t_test_p_holm,wilcoxon_p,wilcoxon_p_holm
condition_summary,0,0.0,cold,wall_clock_seconds,10,10,0,0.23092682999558747,0.23307939997175708,0.03641597347194094,0.2107586500060279,0.24304197501624003,0.17968639999162406,0.3048704999964684,0.20487641188479,0.25697724810638495,0.20494798872823605,0.2512202000361867,,,,,,,
condition_summary,0,0.0,cold,feasibility_rate,10,10,0,0.05,0.0,0.15811388300841897,0.0,0.0,0.0,0.5,-0.06310785813991024,0.16310785813991024,0.0,0.0,,,,,,,
condition_summary,0,0.0,cold,best_feasible_path_length,1,10,0,16.31568248494788,16.31568248494788,,16.31568248494788,16.31568248494788,16.31568248494788,16.31568248494788,,,,,,,,,,,
condition_summary,0,0.0,cold,hypervolume,10,10,0,0.09593801353012626,0.0,0.30338263694725,0.0,0.0,0.0,0.9593801353012626,-0.12108885096167996,0.3129648780219325,0.0,0.0,,,,,,,
condition_summary,0,0.0,cold,igd,1,10,0,0.0,0.0,,0.0,0.0,0.0,0.0,,,,,,,,,,,
condition_summary,0,0.0,cold,minimum_clearance,10,10,0,-0.07240076935954545,-0.08859251231433218,0.22881776042388186,-0.24659232965189726,0.03407597611625213,-0.35879332482973947,0.3753909657565373,-0.23608713448751037,0.09128559576841946,-0.2606211322421528,0.08385315427326334,,,,,,,
condition_summary,0,0.0,cold,minimum_clearance_risk_objective,10,10,0,0.18241145271664322,0.19291067317241867,0.08113095716525329,0.13340427600892046,0.2512128658712367,0.02904116171770515,0.27269532621358544,0.12437386222046909,0.24044904321281735,0.12875527057310232,0.25553035404638613,,,,,,,
condition_summary,0,0.0,cold,minimum_snap_objective,10,10,0,1.0838116891696365,1.0750804588470193,0.1197180561857535,1.0019150121669076,1.1615522677702974,0.9273117105952925,1.269229758982604,0.9981705509077737,1.1694528274314993,0.9776119423021501,1.1732850419683079,,,,,,,
condition_summary,0,0.0,cold,minimum_total_violation,10,10,0,0.45590313741725697,0.4854803236925208,0.30631410823475325,0.26118278153778096,0.6442118151149809,0.0,0.9717322543032331,0.2367792246952806,0.6750270501392334,0.2098819766409279,0.6883018728021034,,,,,,,
condition_summary,0,0.0,cold,mean_total_violation,10,10,0,0.964149219334165,1.068398418912241,0.3881468323482773,0.7496914147610507,1.265682832281939,0.10193948308403918,1.2975146017439676,0.686485702283187,1.241812736385143,0.6929276172479792,1.2723525136524207,,,,,,,
condition_summary,0,0.0,warm,wall_clock_seconds,10,10,0,0.21439021999249236,0.21533289999933913,0.011088491991947776,0.20699890004470944,0.22363577503710985,0.1959127999143675,0.2274737999541685,0.2064579906692521,0.2223224493157326,0.2051888499991037,0.22431894997134805,,,,,,,
condition_summary,0,0.0,warm,feasibility_rate,10,10,0,0.05,0.0,0.15811388300841897,0.0,0.0,0.0,0.5,-0.06310785813991024,0.16310785813991024,0.0,0.0,,,,,,,
condition_summary,0,0.0,warm,best_feasible_path_length,1,10,0,16.31568248494788,16.31568248494788,,16.31568248494788,16.31568248494788,16.31568248494788,16.31568248494788,,,,,,,,,,,
condition_summary,0,0.0,warm,hypervolume,10,10,0,0.09593801353012626,0.0,0.30338263694725,0.0,0.0,0.0,0.9593801353012626,-0.12108885096167996,0.3129648780219325,0.0,0.0,,,,,,,
condition_summary,0,0.0,warm,igd,1,10,0,0.0,0.0,,0.0,0.0,0.0,0.0,,,,,,,,,,,
condition_summary,0,0.0,warm,minimum_clearance,10,10,0,-0.07240076935954545,-0.08859251231433218,0.22881776042388186,-0.24659232965189726,0.03407597611625213,-0.35879332482973947,0.3753909657565373,-0.23608713448751037,0.09128559576841946,-0.2606211322421528,0.06220483410998734,,,,,,,
condition_summary,0,0.0,warm,minimum_clearance_risk_objective,10,10,0,0.18241145271664322,0.19291067317241867,0.08113095716525329,0.13340427600892046,0.2512128658712367,0.02904116171770515,0.27269532621358544,0.12437386222046909,0.24044904321281735,0.12206537155719954,0.25553035404638613,,,,,,,
condition_summary,0,0.0,warm,minimum_snap_objective,10,10,0,1.0838116891696365,1.0750804588470193,0.1197180561857535,1.0019150121669076,1.1615522677702974,0.9273117105952925,1.269229758982604,0.9981705509077737,1.1694528274314993,0.9776119423021501,1.1885844977546571,,,,,,,
condition_summary,0,0.0,warm,minimum_total_violation,10,10,0,0.45590313741725697,0.4854803236925208,0.30631410823475325,0.26118278153778096,0.6442118151149809,0.0,0.9717322543032331,0.2367792246952806,0.6750270501392334,0.22962108060682507,0.6883018728021034,,,,,,,
condition_summary,0,0.0,warm,mean_total_violation,10,10,0,0.964149219334165,1.068398418912241,0.3881468323482773,0.7496914147610507,1.265682832281939,0.10193948308403918,1.2975146017439676,0.686485702283187,1.241812736385143,0.6929276172479792,1.2723525136524207,,,,,,,
condition_summary,1,2.5,cold,wall_clock_seconds,10,10,0,0.22506224000826477,0.2229935000068508,0.021440528457272037,0.21807549995719455,0.22921157503151335,0.19313590007368475,0.2700118999928236,0.20972460990869465,0.2403998701078349,0.21155629999702796,0.23528590000933036,,,,,,,
condition_summary,1,2.5,cold,feasibility_rate,10,10,0,0.18,0.15000000000000002,0.15846485765339616,0.05,0.2875,0.0,0.5,0.06664106972398473,0.29335893027601523,0.05,0.3,,,,,,,
condition_summary,1,2.5,cold,best_feasible_path_length,9,10,0,16.09956748386547,16.08438476071503,0.18282252605213203,16.056715438419186,16.211185148125736,15.797168834925227,16.3967893827883,15.959037650170576,16.240097317560366,15.889291158359306,16.267843851452604,,,,,,,
condition_summary,1,2.5,cold,hypervolume,10,10,0,0.8479734337232611,0.9539417778401595,0.3004360470528429,0.9021762495123765,0.9727880597562479,0.0,0.9775486149484319,0.6330544326614823,1.0628924347850397,0.888365991987372,0.973534531529877,,,,,,,
condition_summary,1,2.5,cold,igd,9,10,0,0.044489309980740216,0.03435715548165455,0.029080729678052936,0.03379940594527961,0.06070095978130103,0.013610936301966397,0.1047006519171069,0.022135882349958686,0.06684273761152175,0.01405305714033841,0.0690289105264483,,,,,,,
condition_summary,1,2.5,cold,minimum_clearance,10,10,0,0.3947793905510882,0.41044738863621344,0.1345930104059019,0.38588266683971384,0.47429936929551514,0.04096224280830851,0.5117330003514546,0.2984973510618447,0.49106143004033165,0.37545028297668515,0.4775198570259074,,,,,,,
condition_summary,1,2.5,cold,minimum_clearance_risk_objective,10,10,0,0.027885907321830262,0.0154159029677421,0.04025474446270161,0.008537056841754313,0.02323445356231838,0.002896202111111406,0.13829182009296592,-0.0009106021276477048,0.056682416771308225,0.007624591404898457,0.02943521175162916,,,,,,,
condition_summary,1,2.5,cold,minimum_snap_objective,10,10,0,0.9512399058535298,0.9260112997807282,0.17399978770528782,0.8779002747716703,1.0294408838884246,0.6895108992227826,1.306935431256867,0.8267679560811226,1.075711855625937,0.8478055113569616,1.0589449062962955,,,,,,,
condition_summary,1,2.5,cold,minimum_total_violation,10,10,0,0.003207617543155017,0.0,0.010143377299083293,0.0,0.0,0.0,0.03207617543155017,-0.0040485174576102845,0.010463752543920318,0.0,0.0,,,,,,,
condition_summary,1,2.5,cold,mean_total_violation,10,10,0,0.18407649506796492,0.16898551860186384,0.1817826210553366,0.05490034107149642,0.22177049275685626,0.02135969544966792,0.647197035002578,0.054037041710581546,0.3141159484253483,0.05307646768027703,0.22559658868878446,,,,,,,
condition_summary,1,2.5,warm,wall_clock_seconds,10,10,0,0.21375538998981938,0.2110382000100799,0.029962214824887496,0.193609625013778,0.23557360004633665,0.16402199992444366,0.256777299917303,0.19232171269665949,0.23518906728297928,0.1896612000418827,0.23959540005307645,,,,,,,
condition_summary,1,2.5,warm,feasibility_rate,10,10,0,0.27999999999999997,0.125,0.3481698180805197,0.0125,0.45,0.0,1.0,0.030934316185550204,0.5290656838144497,0.0,0.5,,,,,,,
condition_summary,1,2.5,warm,best_feasible_path_length,7,10,0,16.196319692487815,16.226622006543625,0.16909055390648003,16.15693702599536,16.24883745134105,15.889291158359306,16.44677572783896,16.039937012626666,16.352702372348965,16.11059044817184,16.267843851452604,,,,,,,
condition_summary,1,2.5,warm,hypervolume,10,10,0,0.6589211319239772,0.9444548603545351,0.4580427148389683,0.1984161000790655,0.9708436592260002,0.0,0.996233078694779,0.33125711263436936,0.986585151213585,0.0,0.973534531529877,,,,,,,
condition_summary,1,2.5,warm,igd,7,10,0,0.044428165631676717,0.03435715548165455,0.05433240100660205,0.014620974948049176,0.03876338430310498,0.006038754404770438,0.1638325310330037,-0.005820924435190222,0.09467725569854366,0.01405305714033841,0.0431063319769393,,,,,,,
condition_summary,1,2.5,warm,minimum_clearance,10,10,0,0.42658361064254235,0.40838776475432104,0.11064550750788701,0.3664988295280741,0.4939830967013043,0.2218429827740689,0.6313109710738385,0.3474325827321464,0.5057346385529383,0.35387024453125315,0.4973186070928495,,,,,,,
condition_summary,1,2.5,warm,minimum_clearance_risk_objective,10,10,0,0.03754130623822515,0.02223954447362603,0.04625652278576514,0.009893330283805095,0.041939479668928935,0.0,0.15314272997184086,0.004451383217238654,0.07063122925921164,0.008562532842909816,0.05276569530373448,,,,,,,
condition_summary,1,2.5,warm,minimum_snap_objective,10,10,0,0.9703647415037343,0.9300933720440183,0.34090562758514126,0.725432575117988,1.2676106249697165,0.5178921853743351,1.4415530887211798,0.72649554652644,1.2142339364810286,0.6771018621080179,1.306935431256867,,,,,,,
condition_summary,1,2.5,warm,minimum_total_violation,10,10,0,0.05445521740264177,0.0,0.09518053587449783,0.0,0.07296469132696659,0.0,0.2527851477213819,-0.013632836249168848,0.12254327105445238,0.0,0.09728625510262212,,,,,,,
condition_summary,1,2.5,warm,mean_total_violation,10,10,0,0.16852831203032798,0.14509643735642236,0.16210651526964764,0.056071975740104696,0.22634040617157458,0.0,0.5171038568991854,0.052564296829346546,0.2844923272313094,0.036884183783356936,0.262276604055877,,,,,,,
condition_summary,2,5.0,cold,wall_clock_seconds,10,10,0,0.19801529998658224,0.19773935002740473,0.023745951781308318,0.1846081999829039,0.20748912493581884,0.15822859993204474,0.24701930000446737,0.18102846939097691,0.21500213058218756,0.18347359995823354,0.20971800002735108,,,,,,,
condition_summary,2,5.0,cold,feasibility_rate,10,10,0,0.005,0.0,0.015811388300841896,0.0,0.0,0.0,0.05,-0.006310785813991022,0.01631078581399102,0.0,0.0,,,,,,,
condition_summary,2,5.0,cold,best_feasible_path_length,1,10,0,16.774080474250493,16.774080474250493,,16.774080474250493,16.774080474250493,16.774080474250493,16.774080474250493,,,,,,,,,,,
condition_summary,2,5.0,cold,hypervolume,10,10,0,0.08734389505792893,0.0,0.27620564809377995,0.0,0.0,0.0,0.8734389505792893,-0.1102417227740597,0.2849295128899176,0.0,0.0,,,,,,,
condition_summary,2,5.0,cold,igd,1,10,0,0.06156868912706324,0.06156868912706324,,0.06156868912706324,0.06156868912706324,0.06156868912706324,0.06156868912706324,,,,,,,,,,,
condition_summary,2,5.0,cold,minimum_clearance,10,10,0,-0.3207567936078196,-0.36782257647515726,0.1839300379230513,-0.4650444961207369,-0.13126408874240075,-0.5645912202713069,-0.10437197967623435,-0.4523324164515206,-0.1891811707641186,-0.48564440355627037,-0.12545487491230123,,,,,,,
condition_summary,2,5.0,cold,minimum_clearance_risk_objective,10,10,0,0.2108122242520773,0.23142801530914398,0.07840145122209069,0.20549740420530957,0.26165141398667474,0.059905662000700605,0.29642534581195173,0.1547272046822325,0.2668972438219221,0.1504444274695221,0.26806387178160973,,,,,,,
condition_summary,2,5.0,cold,minimum_snap_objective,10,10,0,1.100001907714247,1.1397837196756693,0.21716113928951825,0.901983698431725,1.2264396469632712,0.7943851968741434,1.3936137375802913,0.9446541870150328,1.2553496284134615,0.8947731531287603,1.3075992858615115,,,,,,,
condition_summary,2,5.0,cold,minimum_total_violation,10,10,0,0.8741804359953296,0.9760666312777393,0.42193701374284326,0.7401346755095061,1.0849535693425043,0.0,1.5224624885622795,0.5723448793297474,1.1760159926609117,0.6308945863283858,1.103435076091551,,,,,,,
condition_summary,2,5.0,cold,mean_total_violation,10,10,0,1.5032440352840524,1.5606345937546071,0.3111347901493822,1.2308538706090046,1.6828358115530182,1.0390165110067877,1.9884317165415932,1.2806716144629582,1.7258164561051466,1.202196441940508,1.7408242865037153,,,,,,,
condition_summary,2,5.0,warm,wall_clock_seconds,10,10,0,0.19358059999067337,0.1921494499547407,0.024161529101363766,0.17350637499475852,0.21021697504329495,0.16373689996544272,0.23440930002834648,0.1762964832892016,0.21086471669214513,0.17169320001266897,0.2155132000334561,,,,,,,
condition_summary,2,5.0,warm,feasibility_rate,10,10,0,0.14500000000000002,0.025,0.31042086126919866,0.0,0.08750000000000001,0.0,1.0,-0.07706170686628289,0.3670617068662829,0.0,0.15,,,,,,,
condition_summary,2,5.0,warm,best_feasible_path_length,5,10,0,16.60313256025852,16.605676117405295,0.08867476710273205,16.59897736036925,16.6187068156666,16.47147349487048,16.72082901298097,16.493028294397952,16.713236826119086,16.47147349487048,16.72082901298097,,,,,,,
condition_summary,2,5.0,warm,hypervolume,10,10,0,0.4449499781956157,0.39847235179050405,0.4713141312622781,0.0,0.8787561951510706,0.0,0.9903298629744665,0.10779215951558069,0.7821077968756507,0.0,0.8805651434072563,,,,,,,
condition_summary,2,5.0,warm,igd,5,10,0,0.058219011479217944,0.05866452532002375,0.049702075789749646,0.03511546745836197,0.06200230150246305,0.0,0.13531276311524093,-0.0034942666649091098,0.119932289623345,0.0,0.13531276311524093,,,,,,,
condition_summary,2,5.0,warm,minimum_clearance,10,10,0,0.11923645207095387,0.0708566106998767,0.1791236836382693,0.016714182404412636,0.161431160892906,-0.06695828956518679,0.5172161317776591,-0.00890091204258664,0.2473738161844944,-0.01660391651972226,0.2264773877022075,,,,,,,
condition_summary,2,5.0,warm,minimum_clearance_risk_objective,10,10,0,0.12201240924300846,0.1202395805732285,0.07129641237669705,0.08926774347029429,0.1485519765154716,0.004810989756715255,0.27629080847760623,0.07101002827840586,0.17301479020761107,0.08043500203710989,0.14892166263490314,,,,,,,
condition_summary,2,5.0,warm,minimum_snap_objective,10,10,0,1.006725857356817,0.9471605885262485,0.36139063281103995,0.7277863271606041,1.206734695765561,0.5175336803503682,1.5597571839724587,0.7482025724223309,1.265249142291303,0.7189125306717115,1.3578687771274427,,,,,,,
condition_summary,2,5.0,warm,minimum_total_violation,10,10,0,0.11213188529747198,0.012295044746707529,0.22052425548422022,0.0,0.08660191433734701,0.0,0.6975932022191134,-0.04562166379720417,0.2698854343921481,0.0,0.14948855067873373,,,,,,,
condition_summary,2,5.0,warm,mean_total_violation,10,10,0,0.544150793369166,0.5528837257735135,0.33812283495839307,0.3253211268654708,0.8163367146890199,0.0,1.0330883738823844,0.3022722883153003,0.7860292984230318,0.2535592843289224,0.8325595627849632,,,,,,,
condition_summary,3,7.5,cold,wall_clock_seconds,10,10,0,0.18709482997655869,0.1741981499362737,0.038259815869550615,0.1610279000014998,0.20428567493217997,0.1452168000396341,0.27445520006585866,0.15972540647310962,0.21446425348000775,0.1576407999964431,0.20883489993866533,,,,,,,
condition_summary,3,7.5,cold,feasibility_rate,10,10,0,0.0,0.0,0.0,0.0,0.0,0.0,0.0,0.0,0.0,0.0,0.0,,,,,,,
condition_summary,3,7.5,cold,best_feasible_path_length,0,10,0,,,,,,,,,,,,,,,,,,
condition_summary,3,7.5,cold,hypervolume,10,10,0,0.0,0.0,0.0,0.0,0.0,0.0,0.0,0.0,0.0,0.0,0.0,,,,,,,
condition_summary,3,7.5,cold,igd,0,10,0,,,,,,,,,,,,,,,,,,
condition_summary,3,7.5,cold,minimum_clearance,10,10,0,-0.17460347650563085,-0.15781963544489386,0.19678555309732923,-0.2357739301244769,-0.07727776601448466,-0.6127589993488325,0.09154218716476792,-0.31537538090906225,-0.033831572102199475,-0.2574681130674251,-0.0369469565608439,,,,,,,
condition_summary,3,7.5,cold,minimum_clearance_risk_objective,10,10,0,0.2483358364771532,0.26297774883049774,0.04281233213291919,0.20978499825460536,0.27978375502732966,0.1825450009418809,0.2984515868052139,0.21770973902515967,0.27896193392914675,0.20715765792886381,0.2862006145550084,,,,,,,
condition_summary,3,7.5,cold,minimum_snap_objective,10,10,0,1.1526237249832607,1.1842063278758141,0.1872370715678455,1.0969792316744602,1.2784955493065107,0.7967580026401929,1.3743868020325447,1.018682392783479,1.2865650571830425,1.0076541204686378,1.3020138896150302,,,,,,,
condition_summary,3,7.5,cold,minimum_total_violation,10,10,0,0.7574782935802513,0.6913589338260382,0.2866681451899097,0.5140329332853034,0.9356357855931887,0.45386015250731077,1.2813958895435997,0.5524082561968482,0.9625483309636544,0.48865218167013735,0.9737086221185933,,,,,,,
condition_summary,3,7.5,cold,mean_total_violation,10,10,0,1.3708812170049076,1.275046722393717,0.3338970713528824,1.1833209672134193,1.6131374117138533,0.869678930207769,1.996917729917789,1.1320256411292435,1.6097367928805717,1.1346219723335107,1.64229491364584,,,,,,,
condition_summary,3,7.5,warm,wall_clock_seconds,10,10,0,0.19981818000087515,0.1936638499610126,0.023663365991446788,0.18102250006631948,0.2180175749817863,0.17067969997879118,0.23570590000599623,0.18289042772038233,0.21674593228136796,0.18049660010728985,0.21891469997353852,,,,,,,
condition_summary,3,7.5,warm,feasibility_rate,10,10,0,0.5349999999999999,0.575,0.48364932199545846,0.075,1.0,0.0,1.0,0.18901811744251906,0.8809818825574808,0.05,1.0,,,,,,,
condition_summary,3,7.5,warm,best_feasible_path_length,8,10,0,16.557578862233118,16.493558515117275,0.1673586436190596,16.467246031446454,16.568873600917733,16.43119562854134,16.944541384683532,16.417663534752013,16.697494189714224,16.45456364117437,16.619862375705527,,,,,,,
condition_summary,3,7.5,warm,hypervolume,10,10,0,0.7310645695426734,0.8928678417556641,0.38958739229172923,0.8231157045741352,0.9522579603416566,0.0,1.0010634590643355,0.4523705379876824,1.0097586010976645,0.4189927380346239,0.9586792570651956,,,,,,,
condition_summary,3,7.5,warm,igd,8,10,0,0.05868839048701857,0.05120488238958648,0.04977717781999284,0.017740100385694027,0.08732154929348304,0.0033147222747200674,0.1336861569136086,0.017073628409822135,0.10030315256421501,0.010543232677626944,0.12447818785698934,,,,,,,
condition_summary,3,7.5,warm,minimum_clearance,10,10,0,0.4725001689055153,0.5156337718232946,0.21734033562868768,0.4226843894592668,0.5263257906357233,-0.022912479389246343,0.8559602629171199,0.3170242588675515,0.6279760789434792,0.39472264111247846,0.5295017595825688,,,,,,,
condition_summary,3,7.5,warm,minimum_clearance_risk_objective,10,10,0,0.067310606616594,0.07491242291403037,0.041971509273101615,0.03855103368189364,0.08938651787903426,0.0034032576812834487,0.13555723868412348,0.03728599760406896,0.09733521562911902,0.030527197639609854,0.09872776164954034,,,,,,,
condition_summary,3,7.5,warm,minimum_snap_objective,10,10,0,1.117011828048004,1.1398667076749174,0.3516644868999306,0.940306625214745,1.3990093693160295,0.3864457509232584,1.555857712492705,0.8654462087595083,1.3685774473364996,0.9082501589980914,1.4324539548921669,,,,,,,
condition_summary,3,7.5,warm,minimum_total_violation,10,10,0,0.028460893755673667,0.0,0.08051847174055055,0.0,0.0,0.0,0.25620819937582234,-0.029138551062132968,0.0860603385734803,0.0,0.014200369090457151,,,,,,,
condition_summary,3,7.5,warm,mean_total_violation,10,10,0,0.10531386057936865,0.01912532353938656,0.20898059649972003,0.0,0.07883807018590623,0.0,0.6729001051545325,-0.04418185234057498,0.25480957349931227,0.0,0.12828616480948563,,,,,,,
paired_difference,0,,,wall_clock_seconds,10,,,-0.01653661000309512,-0.025042249995749444,0.03667112859884087,-0.03136000002268702,-0.003552725102053955,-0.07808180002029985,0.04454490006901324,-0.04276955509601428,0.009696335089824037,-0.03598779992898926,0.010965549969114363,0,0,0,0.18761621141132392,1.0,0.322265625,1.0
paired_difference,0,,,feasibility_rate,10,,,0.0,0.0,0.0,0.0,0.0,0.0,0.0,0.0,0.0,0.0,0.0,0,0,0,1.0,1.0,1.0,1.0
paired_difference,0,,,best_feasible_path_length,1,,,0.0,0.0,,0.0,0.0,0.0,0.0,,,,,0,9,9,,,,
paired_difference,0,,,hypervolume,10,,,0.0,0.0,0.0,0.0,0.0,0.0,0.0,0.0,0.0,0.0,0.0,0,0,0,1.0,1.0,1.0,1.0
paired_difference,0,,,igd,1,,,0.0,0.0,,0.0,0.0,0.0,0.0,,,,,0,9,9,,,,
paired_difference,0,,,minimum_clearance,10,,,0.0,0.0,0.0,0.0,0.0,0.0,0.0,0.0,0.0,0.0,0.0,0,0,0,1.0,1.0,1.0,1.0
paired_difference,0,,,minimum_clearance_risk_objective,10,,,0.0,0.0,0.0,0.0,0.0,0.0,0.0,0.0,0.0,0.0,0.0,0,0,0,1.0,1.0,1.0,1.0
paired_difference,0,,,minimum_snap_objective,10,,,0.0,0.0,0.0,0.0,0.0,0.0,0.0,0.0,0.0,0.0,0.0,0,0,0,1.0,1.0,1.0,1.0
paired_difference,0,,,minimum_total_violation,10,,,0.0,0.0,0.0,0.0,0.0,0.0,0.0,0.0,0.0,0.0,0.0,0,0,0,1.0,1.0,1.0,1.0
paired_difference,0,,,mean_total_violation,10,,,0.0,0.0,0.0,0.0,0.0,0.0,0.0,0.0,0.0,0.0,0.0,0,0,0,1.0,1.0,1.0,1.0
paired_difference,1,,,wall_clock_seconds,10,,,-0.011306850018445402,-0.017233300080988556,0.02792006583325175,-0.03144442493794486,0.013668324943864718,-0.046503699966706336,0.03335519996471703,-0.03127966192741764,0.008665961890526836,-0.034510950034018606,0.021061199950054288,0,0,0,0.23233858175041894,1.0,0.322265625,1.0
paired_difference,1,,,feasibility_rate,10,,,0.09999999999999998,0.0,0.2748737083745107,-0.037500000000000006,0.15000000000000002,-0.25,0.6499999999999999,-0.09663280555547277,0.2966328055554727,-0.05,0.25,0,0,0,0.27960869398665095,1.0,0.75,1.0
paired_difference,1,,,best_feasible_path_length,7,,,0.10991906215176073,0.053875009752655245,0.21882029192389485,0.0,0.23820099398740702,-0.19350577896941346,0.43266221630426926,-0.09245595447976673,0.3122940787832882,0.0,0.3623909671239325,0,3,1,0.23214137460585296,1.0,0.25,1.0
paired_difference,1,,,hypervolume,10,,,-0.18905230179928384,0.0,0.4012722271400733,-0.11444860210552002,0.01606783377964044,-0.9705486444353605,0.07493106084683954,-0.4761051606581645,0.09800055705959682,-0.45806097414833397,0.02562042428459199,0,0,0,0.17044906351286546,1.0,0.546875,1.0
paired_difference,1,,,igd,7,,,0.0007276764745222454,-0.007572181897195959,0.06172731561434313,-0.023278180613512132,0.0,-0.07028021528783623,0.12950249373371217,-0.05636056892648904,0.05781592187553353,-0.025922578549509002,0.0,0,3,1,0.9761299421087387,1.0,0.4375,1.0
paired_difference,1,,,minimum_clearance,10,,,0.03180422009145423,0.012948051609536493,0.0835722091745038,-0.028634682090693864,0.09638882663701631,-0.061826929892338844,0.18088073996576037,-0.027979736888752008,0.09158817707166046,-0.03817957612092515,0.11957797072238385,0,0,0,0.25950624539916667,1.0,0.4609375,1.0
paired_difference,1,,,minimum_clearance_risk_objective,10,,,0.009655398916394895,0.00046175706368226793,0.05528598294440864,-0.008566768311838393,0.01112187476915365,-0.06338706534600093,0.15024652786072945,-0.029893810786264206,0.04920460861905399,-0.014033707654001118,0.01852179895241918,0,0,0,0.5942074537093794,1.0,0.8046875,1.0
paired_difference,1,,,minimum_snap_objective,10,,,0.019124835650204453,-0.00794999546244557,0.3148338873770881,-0.2136287856399771,0.18649638251285278,-0.39727685710387617,0.5713441766115509,-0.20609375991858597,0.24434343121899488,-0.22574730349269145,0.24866184335047037,0,0,0,0.8519320618294275,1.0,0.9609375,1.0
paired_difference,1,,,minimum_total_violation,10,,,0.05124759985948675,0.0,0.08802567260308596,0.0,0.07296469132696659,0.0,0.22070897228983172,-0.011722172939843511,0.11421737265881701,0.0,0.09728625510262212,0,0,0,0.09874758456743372,1.0,0.25,1.0
paired_difference,1,,,mean_total_violation,10,,,-0.015548183037636965,0.0031743443356265742,0.07925787030309302,-0.016019771587250937,0.014537742442974264,-0.1773358173675554,0.07466299314345848,-0.07224584791148181,0.04114948183620788,-0.0650465890516963,0.035236765459955965,0,0,0,0.5504101188096964,1.0,0.9609375,1.0
paired_difference,2,,,wall_clock_seconds,10,,,-0.004434699995908886,-0.007345149992033839,0.03742042916707128,-0.0213205250329338,0.01798807503655553,-0.08328240003902465,0.052392200101166964,-0.03120366242495941,0.022334262433141638,-0.023135600029490888,0.02223845006665215,0,0,0,0.7165158668779457,1.0,0.845703125,1.0
paired_difference,2,,,feasibility_rate,10,,,0.14,0.025,0.3134042472944842,0.0,0.08750000000000001,-0.05,1.0,-0.08419589266264724,0.3641958926626473,0.0,0.15,0,0,0,0.19140305469903662,1.0,0.125,1.0
paired_difference,2,,,best_feasible_path_length,0,,,,,,,,,,,,,,0,5,9,,,,
paired_difference,2,,,hypervolume,10,,,0.35760608313768677,0.39847235179050405,0.6203146528916417,0.0,0.8787561951510706,-0.8734389505792893,0.9903298629744665,-0.08614028768314486,0.8013524539585184,0.0,0.890830035996713,0,0,0,0.1016142748942483,1.0,0.125,1.0
paired_difference,2,,,igd,0,,,,,,,,,,,,,,0,5,9,,,,
paired_difference,2,,,minimum_clearance,10,,,0.43999324567877346,0.4112210086031596,0.17950558673898875,0.3204471405464622,0.6102878890216346,0.11931058993259613,0.6739816373600284,0.3115826845447217,0.5684038068128252,0.3112641734199073,0.6280975596406584,0,0,0,2.8465227839719946e-05,0.0008539568351915984,0.001953125,0.06640625
paired_difference,2,,,minimum_clearance_risk_objective,10,,,-0.08879981500906879,-0.10500801018269681,0.06591350840076178,-0.12582231463131624,-0.053156430992512854,-0.1749391468167965,0.042449617776459336,-0.13595149844030915,-0.04164813157782843,-0.14056062385573329,-0.041905992969307845,0,0,0,0.0021102935899034642,0.05486763333749007,0.005859375,0.158203125
paired_difference,2,,,minimum_snap_objective,10,,,-0.09327605035743,-0.15607374368167198,0.3283127599384645,-0.20044557105155486,-0.029246557438692783,-0.5917309258229625,0.6547145568443464,-0.32813685049769953,0.14158474978283953,-0.25643371777527757,0.023604045005818197,0,0,0,0.3923597254952044,1.0,0.193359375,1.0
paired_difference,2,,,minimum_total_violation,10,,,-0.7620485506978577,-0.8902598677261515,0.414478899382024,-0.9856197383811003,-0.4936556965415888,-1.2694176648400284,0.1001584599047239,-1.0585488937499088,-0.4655482076458066,-1.0533153096340766,-0.42251188291178127,0,0,0,0.0002549440080444936,0.007138432225245821,0.00390625,0.109375
paired_difference,2,,,mean_total_violation,10,,,-0.9590932419148863,-1.0217843759162744,0.36892565965077023,-1.1790560358485236,-0.7836389155760415,-1.4012970307552362,-0.22999428464000515,-1.2230067603358479,-0.6951797234939249,-1.2837177480618083,-0.7011724652652125,0,0,0,1.7793584483808345e-05,0.0005710785116002201,0.001953125,0.06640625
paired_difference,3,,,wall_clock_seconds,10,,,0.01272335002431646,0.014350650017149746,0.038859300856508315,0.0005431250610854477,0.03091712499735877,-0.07673530012834817,0.061609000083990395,-0.015074919204578527,0.04052161925321145,-0.002378299948759377,0.041016000031959265,0,0,0,0.3275021017415498,1.0,0.16015625,1.0
paired_difference,3,,,feasibility_rate,10,,,0.5349999999999999,0.575,0.48364932199545846,0.075,1.0,0.0,1.0,0.18901811744251906,0.8809818825574808,0.05,1.0,0,0,0,0.0067444124806013035,0.1686103120150326,0.0078125,0.203125
paired_difference,3,,,best_feasible_path_length,0,,,,,,,,,,,,,,0,2,10,,,,
paired_difference,3,,,hypervolume,10,,,0.7310645695426734,0.8928678417556641,0.38958739229172923,0.8231157045741352,0.9522579603416566,0.0,1.0010634590643355,0.4523705379876824,1.0097586010976645,0.4189927380346239,0.9586792570651956,0,0,0,0.00021962219519195593,0.006369043660566722,0.0078125,0.203125
paired_difference,3,,,igd,0,,,,,,,,,,,,,,0,2,10,,,,
paired_difference,3,,,minimum_clearance,10,,,0.6471036454111461,0.6178758983223656,0.3636108515417209,0.5237688212914999,0.7506165219705893,0.09920402311532239,1.4687192622659524,0.38699211167490194,0.9072151791473901,0.4315229583921717,0.7693609962060706,0,0,0,0.0003226117548153443,0.008710517380014295,0.001953125,0.06640625
paired_difference,3,,,minimum_clearance_risk_objective,10,,,-0.18102522986055924,-0.19130497034841587,0.07031821614175762,-0.24023493522321876,-0.13285322327191182,-0.2653901618458677,-0.046987762257757415,-0.2313278513931034,-0.13072260832801508,-0.2486163223943441,-0.12091916620022244,0,0,0,1.924818427841483e-05,0.0005966937126308597,0.001953125,0.06640625
paired_difference,3,,,minimum_snap_objective,10,,,-0.03561189693525644,0.04761286605698073,0.37156425993273384,-0.2596744602211505,0.2581966044120766,-0.790685264295796,0.3823584446631041,-0.30141295629001674,0.23018916241950385,-0.27836389483512314,0.26387136776290454,0,0,0,0.7687155738860181,1.0,1.0,1.0
paired_difference,3,,,minimum_total_violation,10,,,-0.7290173998245776,-0.6568983423472042,0.2794558395428961,-0.8126683584378409,-0.5140329332853034,-1.2813958895435997,-0.4526161722553205,-0.9289280645554182,-0.529106735093737,-0.9441302267136117,-0.48865218167013735,0,0,0,1.7305409442430912e-05,0.0005710785116002201,0.001953125,0.06640625
paired_difference,3,,,mean_total_violation,10,,,-1.2655673564255392,-1.1839211221043318,0.34417236385252864,-1.4705644110773073,-1.01372029780244,-1.911502205976379,-0.869678930207769,-1.511773433751694,-1.0193612790993845,-1.525664905917893,-0.9693948084913075,0,0,0,1.0063461412573582e-06,3.421576880275018e-05,0.001953125,0.06640625
